District code,State name,District name,Population,Male,Female,Literate,Male_Literate,Female_Literate,Male_Workers,Female_Workers,Frontline_Workers,Industrial_Workers,Non_Workers,Cultivator_Workers,Agricultural_Workers,Household_Workers,Other_Workers,LPG_or_PNG_Households,Housholds_with_Electric_Lighting,Households_with_Internet,Households_with_Computer,Rural_Households,Urban_Households,Below_Primary_Education,Primary_Education,Middle_Education,Secondary_Education,Higher_Education,Graduate_Education,Other_Education,Age_Group_0_29,Age_Group_30_49,Age_Group_50,Age not stated
1,JAMMU AND KASHMIR,Kupwara,870354,474190,396164,439654,282823,156831,190899,38165,123837,105227,641290,34680,56759,7946,129679,15828,83071,762,5256,158438,23226,60616,101642,99947,74948,39709,21751,6402,600759,178435,89679,1481
2,JAMMU AND KASHMIR,Badgam,753745,398041,355704,335649,207741,127908,162578,52288,132003,82863,538879,55299,36630,29102,93835,15118,90190,1999,5892,160649,27190,68336,80862,83141,66459,41367,27950,6857,503223,160933,88978,611
3,HIMACHAL PRADESH,Chamba,519080,261320,257760,323842,186064,137778,158791,135244,119632,174403,225045,196665,9193,4521,83656,21458,96082,1615,5117,186395,13836,56272,96789,67653,64515,40440,15506,3252,306555,130606,81566,353
4,HIMACHAL PRADESH,Kangra,1510075,750591,759484,1152640,606443,546197,403756,271414,313915,361255,834905,303007,54849,15662,301652,148361,330081,8053,22753,588321,39007,127699,243617,223099,284124,192936,91236,13577,766581,419172,319420,4902
5,HIMACHAL PRADESH,Lahul AND Spiti,31564,16588,14976,21845,12897,8948,10763,8532,15190,4105,12269,11227,572,167,7329,2046,5618,61,252,17434,0,3776,5042,4011,3934,3557,2378,119,15928,9181,6200,255
6,HIMACHAL PRADESH,Kullu,437903,225452,212451,307672,174550,133122,148829,120255,193876,75208,168819,197141,12372,2707,56864,40064,91322,2623,7010,167995,20709,48384,77363,61854,58122,39081,23168,2377,244727,120510,72282,384
7,PUNJAB,Gurdaspur,2298323,1212617,1085706,1634719,907660,727059,637652,119486,625778,131360,1541185,147912,100684,30903,477639,244468,411216,14428,38445,420860,185488,180897,315156,290618,372317,243539,104345,22107,1261421,611353,423301,2248
8,PUNJAB,Kapurthala,815168,426311,388857,576567,316254,260313,235562,48603,248208,35957,531003,55252,42387,9861,176665,110555,161206,9732,23145,165433,95770,71698,127031,112774,128828,77442,48221,9501,433331,222324,157833,1680
9,PUNJAB,Jalandhar,2193590,1145211,1048379,1622537,882581,739956,639484,134988,689592,84880,1419118,85695,66664,29762,592351,299449,446200,39082,79134,330339,377791,183441,333736,304652,339758,216646,162965,34576,1159156,616431,416449,1554
10,PUNJAB,Barnala,595527,317522,278005,359831,201999,157832,178163,31168,186434,22897,386196,60340,40460,5132,103399,50276,108908,3501,10566,102577,54222,49367,90971,66695,81545,43467,23657,4665,322607,158413,114077,430
11,CHANDIGARH,Chandigarh,1055450,580663,474787,805438,465346,340092,328159,75977,385929,18207,651314,2578,1687,4799,395072,168344,231204,44283,78113,8911,289456,80406,118667,114209,124707,98786,174528,20188,602411,303748,148945,346
12,UTTARAKHAND,Uttarkashi,330086,168597,161489,215126,128237,86889,84265,73011,128367,28909,172810,117264,4387,3122,32503,21374,52621,602,4104,112148,9061,43442,46625,47640,30901,24989,18882,981,202426,75997,51245,418
13,UTTARAKHAND,Almora,622506,291081,331425,436497,231604,204893,142460,155751,201078,97133,324295,207617,10274,4312,76008,40199,109876,1830,9858,260056,21082,90864,120029,115810,76148,53026,37742,2263,351595,141238,128994,679
14,UTTARAKHAND,Champawat,259648,131125,128523,177726,102015,75711,60427,39139,62698,36868,160082,59993,4032,1570,33971,18785,37725,548,3159,85202,12839,36127,48093,45766,23610,18360,15110,1317,156916,60722,41913,97
15,UTTARAKHAND,Nainital,954605,493666,460939,696500,385779,310721,256935,119246,296424,79757,578424,137530,34742,9767,194142,99021,169001,7265,26270,193086,105577,90915,155681,157875,115317,98851,89101,6200,562548,243095,147053,1909
16,UTTARAKHAND,Udham Singh Nagar,1648902,858783,790119,1037839,598525,439314,444578,146880,450762,140696,1057444,122686,165250,26396,277126,116576,254802,7883,28053,269406,145253,179602,302653,232381,169274,113661,111062,11786,1042614,392370,212223,1695
17,UTTARAKHAND,Hardwar,1890422,1005295,885127,1178354,691411,486943,497810,80311,495152,82969,1312301,93660,103115,19955,361391,125717,279012,11947,35023,301828,186183,245515,336790,243719,165003,114114,134182,29377,1207120,435385,246229,1688
18,HARYANA,Panchkula,561293,299679,261614,405318,229862,175456,164865,46614,182831,28648,349814,26682,12827,9870,162100,69687,103455,18615,32174,70895,93656,45607,73584,60177,69163,48306,83256,8466,309078,157076,93606,1533
19,HARYANA,Ambala,1128350,598703,529647,818025,461288,356737,320120,52019,319475,52664,756211,52871,57293,15753,246222,121622,199681,12899,32767,175365,139891,89558,170110,161844,163544,97980,91472,18727,617859,308126,201685,680
20,HARYANA,Mahendragarh,922088,486665,435423,630255,380440,249815,232935,105649,212402,126182,583504,149146,38320,7639,143479,45359,135455,2624,13908,223726,44216,94273,135849,126291,132765,94245,60296,10353,530000,229392,161258,1438
21,HARYANA,Rewari,900332,474335,425997,636947,375453,261494,235326,102401,250219,87508,562605,102698,28215,9782,197032,62667,152651,5121,18092,199449,69305,81280,120860,122617,139646,95807,65143,9820,518747,230704,150557,324
22,HARYANA,Palwal,1042708,554497,488211,599796,379696,220100,241464,68099,216932,92631,733145,91506,60685,8566,148806,46498,132606,4283,16736,186069,63090,125474,142156,113940,102626,65963,43780,8373,684189,224043,133913,563
23,NCT OF DELHI,North West,3656539,1960922,1695617,2707855,1541952,1165903,1022419,166126,1135126,53419,2467994,11433,13289,35896,1127927,625662,720900,114044,188876,67592,959275,228507,571255,607092,613393,519808,465677,22436,2138591,1013424,503055,1469
24,NCT OF DELHI,North,887978,475002,412976,681517,381615,299902,257575,38871,283583,12863,591532,2187,1791,11028,281440,161067,174310,21418,40543,4512,296559,58952,133915,142788,126121,97744,107099,11098,506601,256501,124513,363
25,NCT OF DELHI,North East,2241624,1188425,1053199,1611588,912481,699107,594353,67033,622443,38943,1580238,2235,2406,30738,626007,356769,391951,30390,69417,5326,482255,206524,500493,488767,341540,212438,122983,9199,1393078,581016,264663,2867
26,NCT OF DELHI,East,1709346,907500,801846,1352998,748382,604616,486951,92741,555026,24666,1129654,1156,3094,19541,555901,327253,352758,80037,127465,1086,461132,86484,219061,260094,267825,235187,246988,18644,948963,497157,262124,1102
27,NCT OF DELHI,New Delhi,142004,77942,64062,114179,65678,48501,46940,12601,56471,3070,82463,121,275,1030,58115,26681,30023,7366,11948,0,52664,4641,11728,15326,15942,17742,23934,2186,76076,43913,21773,242
28,RAJASTHAN,Ganganagar,1969168,1043340,925828,1193343,710908,482435,596320,316352,680563,232109,1056496,268297,230438,13790,400147,88543,283142,6295,24901,397697,164897,237042,314107,238397,163098,105734,104071,19396,1167889,502211,283484,15584
29,RAJASTHAN,Hanumangarh,1774692,931184,843508,1034136,624281,409855,512802,322458,642109,193151,939432,370452,166833,13839,284136,55515,243163,3360,16217,389059,108694,239601,273441,219194,153628,104087,84185,14416,1058044,453114,242361,21173
30,RAJASTHAN,Bikaner,2363937,1240801,1123136,1278801,782399,496402,640572,345636,752768,233440,1377729,499223,103833,26244,356908,108812,220793,7607,29531,335754,196179,410155,333211,254335,143669,80296,101714,18577,1543867,517271,288165,14634
31,RAJASTHAN,Churu,2039547,1051446,988101,1149269,696729,452540,541404,361425,628381,274448,1136718,572644,87983,16594,225608,74197,231696,2577,15259,344897,148996,336671,302022,237220,161520,100677,77282,13320,1293193,458725,272176,15453
32,RAJASTHAN,Jhunjhunun,2137045,1095896,1041149,1370360,815834,554526,541392,353257,592813,301836,1242396,521692,68878,13472,290607,131987,297559,4828,24178,500452,150357,296093,305626,301866,256621,192240,158936,25286,1298780,494124,330126,14015
33,UTTAR PRADESH,Saharanpur,3466382,1834106,1632276,2077108,1220114,856994,911136,126208,882701,154643,2429038,221567,273050,34032,508695,149035,404499,9699,38816,605082,284156,474060,600668,431491,256510,163463,154153,10083,2228689,769736,433862,34095
34,UTTAR PRADESH,Muzaffarnagar,4143512,2193434,1950078,2417339,1448528,968811,1081569,210075,1085491,206153,2851868,336049,323641,45952,586002,147785,368153,10077,56149,673746,296104,826387,780470,531913,281747,148770,98691,5608,2671757,911621,544283,15851
35,UTTAR PRADESH,Bijnor,3682713,1921215,1761498,2135393,1241471,893922,921497,166539,839778,248258,2594677,232158,311489,52549,491840,128042,268353,7303,37341,683875,224648,498971,827447,549594,255028,159528,148185,14658,2404576,786305,450186,41646
36,UTTAR PRADESH,Moradabad,4772006,2503186,2268820,2263848,1357435,906413,1193439,224372,1104968,312843,3354195,368638,338384,88733,622056,179473,281758,11690,61846,692398,355518,635957,725118,492338,296210,186311,186489,23372,3168270,988486,525574,89676
37,UTTAR PRADESH,Rampur,2335819,1223889,1111930,1043666,630408,413258,609693,127568,564266,172995,1598558,214187,230238,54238,238598,62281,131112,3847,25960,396775,143217,278477,374898,171242,85117,51703,43839,3169,1576123,491164,258913,9619
38,BIHAR,Rohtas,2959918,1543546,1416372,1799832,1061783,738049,707939,216940,542439,382440,2035039,218087,405544,48512,252736,41659,114893,4594,36279,512383,95678,535187,548971,399053,333053,194928,161555,16006,1875174,673742,407193,3809
39,BIHAR,Aurangabad,2540073,1318684,1221389,1466002,868733,597269,599157,238613,480286,357484,1702303,178525,426096,40652,192497,24106,44456,2362,31168,428291,49006,559512,482199,302662,253142,136783,91371,8329,1626969,564571,340948,7585
40,BIHAR,Gaya,4391418,2266566,2124852,2297613,1368803,928810,1076170,587892,1007057,657005,2727356,370759,783505,87178,422620,57738,112617,6856,57011,696289,111282,902272,757690,447480,342254,191824,131163,12047,2810026,936630,537333,107429
41,BIHAR,Nawada,2219146,1144668,1074478,1091012,659474,431538,539439,277602,508509,308532,1402105,216400,397505,40018,163118,20522,31162,1841,28411,379551,45323,601011,368649,195072,161127,95943,64585,3130,1440781,485628,288805,3932
42,BIHAR,Jamui,1760405,916064,844341,858588,534385,324203,452288,275283,445352,282219,1032834,156491,331466,105637,133977,12984,32633,1839,22414,325909,30851,420472,317612,153973,104211,56137,29633,3439,1135919,392052,227016,5418
43,BIHAR,Jehanabad,1125313,585582,539731,618881,374412,244469,266423,98955,251690,113688,759935,86108,179519,15075,84676,15507,27641,1106,11302,186660,28132,211761,165906,117558,112966,68748,45519,3539,714244,254582,155106,1381
44,BIHAR,Arwal,700843,363497,337346,386351,235279,151072,167991,68363,161277,75077,464489,49127,144698,6758,35771,4176,2203,413,6378,134334,9960,123288,118311,80704,81975,48822,27945,1435,444448,156031,98550,1814
45,SIKKIM,North  District,43709,24730,18979,30450,18579,11871,15935,7424,17216,6143,20350,7313,2262,332,13452,2343,7826,116,590,11543,2066,6030,8276,6181,3223,1993,1406,273,27099,11674,4887,49
46,SIKKIM,West District,136435,70238,66197,93432,51988,41444,40772,29576,51225,19123,66087,40797,8053,1403,20095,5337,25272,286,1956,32091,1886,30518,30827,19973,10005,6439,4831,527,84209,32520,19400,306
47,SIKKIM,South District,146850,76670,70180,106741,59357,47384,45300,29453,50898,23855,72097,37802,4188,1004,31759,10021,27587,591,2626,31135,8163,24507,32427,22340,12415,7260,5766,488,87982,37318,20982,568
48,SIKKIM,East District,283583,151432,132151,214329,121345,92984,92351,47327,111058,28620,143905,31489,11483,2404,94302,35170,57893,3291,9662,40626,41512,33578,53789,45602,29215,19258,20904,2682,165520,80354,37456,253
49,ARUNACHAL PRADESH,Tawang,49977,29151,20826,26073,17720,8353,19554,9007,24430,4131,21416,7631,1581,114,19235,3794,8635,96,494,10730,2452,4904,4730,4029,2140,1989,1379,667,30709,13849,5399,20
50,ARUNACHAL PRADESH,West Kameng,83947,46155,37792,48492,29566,18926,28313,14180,34752,7741,41454,14476,1705,801,25511,7133,14188,202,887,17889,6306,8836,10317,8428,5633,3987,2693,299,53026,22362,8493,66
51,ARUNACHAL PRADESH,East Kameng,78690,38775,39915,38449,21599,16850,16424,15286,27123,4587,46980,21835,1063,273,8539,3583,5318,57,885,14503,5215,11713,10487,8852,6213,4510,2330,142,53752,17922,6960,56
52,ARUNACHAL PRADESH,Papum Pare,176573,89182,87391,121048,65794,55254,41263,24509,51157,14615,110801,14104,1859,1543,48266,22966,30539,2477,7418,20308,30180,15368,21956,21376,20007,17342,13840,926,120592,43812,11856,313
53,ARUNACHAL PRADESH,Upper Subansiri,83448,41758,41690,45278,24807,20471,17898,15472,25717,7653,50078,21690,1846,481,9353,3123,5373,139,750,14542,4672,10219,16118,15339,10348,8017,4276,473,56054,20055,7230,109
54,NAGALAND,Phek,163418,83743,79675,105893,57926,47967,41556,38721,63645,16632,83141,55091,3159,1275,20752,2073,36182,170,1558,38903,7295,22494,32722,30434,12785,7268,5926,481,108514,37842,16969,93
55,NAGALAND,Tuensang,196596,101933,94663,117511,63653,53858,52931,45223,73518,24636,98442,75212,3913,1104,17925,773,24998,155,2251,40690,9451,29602,40900,33514,15013,6008,2760,116,134573,43210,18762,51
56,NAGALAND,Longleng,50484,26502,23982,29859,16139,13720,16273,14295,20944,9624,19916,22501,1309,598,6160,186,6416,37,635,12686,2451,7986,11884,8672,3458,1695,595,15,33970,11210,5271,33
57,NAGALAND,Kiphire,74004,37830,36174,41232,22675,18557,16780,15179,25830,6129,42045,21432,1259,749,8519,120,14147,47,478,16032,4290,11197,15740,13645,5204,2052,997,76,52699,14955,6309,41
58,NAGALAND,Kohima,267988,138966,129022,197489,107038,90451,68140,46685,99408,15417,153163,44684,2198,2072,65871,20712,50724,1928,7982,31845,44255,21654,46756,57726,30518,19855,23439,1770,173701,68485,25557,245
59,NAGALAND,Peren,95219,49714,45505,62204,34584,27620,32249,29141,36555,24835,33829,39671,3739,2571,15409,605,13859,121,1414,20204,4073,9248,24527,20732,8082,3938,2169,75,64393,21597,9156,73
60,MANIPUR,Imphal West,517992,255054,262938,392626,205985,186641,128540,84847,166009,47378,304605,37107,12870,19918,143492,61736,87078,4913,15066,51055,85746,32811,66042,104229,77472,60821,81876,9564,278940,148146,89394,1512
61,MANIPUR,Imphal East,456113,226094,230019,324664,173314,151350,117562,77286,145343,49505,261265,36355,20250,21826,116417,41213,78663,2739,9837,64421,46520,38436,69144,99202,60422,47390,50647,4102,261530,123439,70005,1139
62,MANIPUR,Ukhrul,183998,94718,89280,129829,70148,59681,46533,41396,67724,20205,96069,56815,3852,2233,25029,1659,14026,276,2437,36084,5806,20670,29382,38350,31734,22729,15636,405,113715,43646,25165,1472
63,MANIPUR,Chandel,144182,74579,69603,90302,51053,39249,42615,33623,53753,22485,67944,43255,8315,3040,21628,1424,18764,184,1782,30377,3783,17382,28163,30589,18971,12213,8105,240,86255,39324,18329,274
64,MIZORAM,Mamit,86364,44828,41536,60191,32977,27214,24016,15323,36185,3154,47025,28669,2553,262,7855,4010,12158,90,1073,16726,4129,9328,19711,19949,10756,3180,1771,22,55914,20082,10318,50
65,MIZORAM,Kolasib,83955,42918,41037,65895,34147,31748,22733,13939,29697,6975,47283,17992,5921,585,12174,8787,14853,367,1986,9669,12507,11367,18046,20399,9849,3473,2530,62,52147,20576,11167,65
66,MIZORAM,Aizawl,400309,199270,201039,340595,169547,171048,104643,69993,151410,23226,225673,39266,11434,3360,120576,64710,79804,4019,21093,20570,80341,29332,68214,100103,78752,37701,31310,2058,235892,108094,56092,231
67,MIZORAM,Champhai,125745,63388,62357,100802,51440,49362,34129,26213,53111,7231,65403,38336,5823,980,15203,9115,23948,186,2263,18395,12717,14491,31359,30454,16259,4956,4087,78,78778,29690,17189,88
68,MIZORAM,Serchhip,64937,32851,32086,54476,27598,26878,18261,14136,29838,2559,32540,21804,1284,926,8383,5511,12315,131,987,7472,8018,8771,14985,16237,9062,2915,2128,35,39568,15894,9404,71
69,TRIPURA,West Tripura,1725739,879428,846311,1361354,722998,638356,500406,197772,524198,173980,1027561,115175,156108,25163,401732,103228,314567,6394,36186,289621,217016,248343,421485,451563,156277,88122,85405,13478,940424,499719,284637,959
70,TRIPURA,South Tripura,876001,447544,428457,646810,351082,295728,253229,113616,258457,108388,509156,85530,111332,6375,163608,20246,133744,948,10393,219171,44906,129846,223185,204201,70173,31690,26870,5160,505558,236676,133424,343
71,TRIPURA,Dhalai,378230,194544,183686,276217,151643,124574,105657,50174,108259,47572,222399,45956,42201,2870,64804,5532,46875,273,5067,89457,14071,64515,84516,74015,21430,9157,6425,890,232286,95548,50269,127
72,TRIPURA,North Tripura,693947,352860,341087,520402,275646,244756,186034,62633,186105,62562,445280,49286,43977,7088,148316,19631,81601,997,10310,150437,42184,129329,179547,158211,47160,22720,18419,3736,414878,178608,100274,187
73,MEGHALAYA,West Garo Hills,643291,324159,319132,358702,193438,165264,151914,103779,188371,67322,387598,120740,39725,7643,87585,10006,51301,1630,8872,139351,18594,85733,129178,90963,70941,29404,10856,3547,427629,143604,70599,1459
74,MEGHALAYA,East Garo Hills,317917,161223,156694,192147,102513,89634,72262,53811,83936,42137,191844,77390,19246,2475,26962,1839,24550,288,2368,62698,11518,51578,70679,52762,31328,9473,2484,298,216742,70424,29926,825
75,MEGHALAYA,South Garo Hills,142334,73170,69164,82062,45003,37059,32826,20243,38397,14672,89265,28145,5565,1249,18110,482,10940,179,1625,35930,3713,25906,28921,21506,13858,3998,826,831,97082,30605,14495,152
76,ASSAM,Kamrup,1517542,778461,739081,995319,550219,445100,428492,200462,421244,207710,888588,185803,99522,69106,274523,70272,122191,3109,23468,390596,43849,163849,290097,353861,154831,118849,55011,6444,895775,408232,212740,795
77,ASSAM,Kamrup Metropolitan,1253938,647585,606353,1001191,537227,463964,375613,115319,413154,77778,763006,25250,16995,12463,436224,223368,250861,29117,85123,61334,366858,79177,160490,255522,148429,143478,167972,30795,659453,401500,190908,2077
78,ASSAM,Nalbari,771639,396006,375633,531771,293184,238587,210202,57421,196773,70850,504016,58070,34984,19302,155267,37849,68313,1631,12360,210706,28238,75866,141690,192771,81507,71734,39368,3693,442061,211320,117809,449
79,ASSAM,Baksa,950075,481330,468745,572837,322614,250223,266611,140145,278297,128459,543319,149288,94591,20310,142567,11281,44425,1175,13566,291641,3580,95444,195643,225635,96782,53446,15422,1839,563089,256282,130083,621
80,ASSAM,Darrang,928500,475273,453227,487039,268666,218373,246864,77979,241456,83387,603657,129456,81617,10542,103228,17676,45444,1166,12084,268517,20189,119027,163277,161153,59039,47398,22267,3079,583436,226525,118102,437
81,ASSAM,Udalguri,831668,421617,410051,469926,264326,205600,230690,114340,253178,91852,486638,124824,72744,11801,135661,13666,53507,1448,11893,267790,13835,101146,155720,162369,63394,34334,14001,1612,499214,221518,109962,974
82,WEST BENGAL,Darjiling,1846823,937259,909564,1315585,717673,597912,479586,204140,532855,150871,1163097,76178,66041,16579,524928,141897,297176,10943,38065,303284,215675,183479,344865,402415,176129,113905,110193,12851,1031221,523288,289979,2335
83,WEST BENGAL,Jalpaiguri,3872846,1983064,1889782,2498780,1396622,1102158,1091361,421549,1153765,359145,2359936,214932,349672,30090,918216,138522,382500,9322,48818,798378,319426,455854,765613,814395,292056,150360,129393,18916,2259507,1035449,575667,2223
84,WEST BENGAL,Koch Bihar,2819086,1451542,1367544,1850504,1028733,821771,845308,282669,886357,241620,1691109,364797,391875,40593,330712,49914,186195,3534,34438,803407,97331,393492,595555,590626,209153,93119,81100,8712,1623320,744646,448761,2359
85,WEST BENGAL,Uttar Dinajpur,3007134,1551066,1456068,1489667,853495,636172,799627,275999,824342,251284,1931508,257377,442328,37978,337943,39138,199307,2883,31210,683981,94269,402590,488047,422777,163106,73395,59457,12723,1916033,704859,385155,1087
86,JHARKHAND,Garhwa,1322784,683575,639209,653476,405161,248315,335451,235980,175126,396305,751353,113561,328673,14487,114710,6798,29373,565,8881,272872,19180,207665,195565,147446,87844,46882,28144,2830,860869,284036,177599,280
87,JHARKHAND,Chatra,1042886,533935,508951,510061,303902,206159,251213,146477,195502,202188,645196,119297,188513,14210,75670,5307,27037,590,9115,200974,14528,200861,161729,102033,63670,35342,21697,2046,692650,222892,126682,662
88,JHARKHAND,Kodarma,716259,367222,349037,390249,238780,151469,173993,83425,143324,114094,458841,83126,64275,7934,102083,11810,62318,845,7195,116714,34771,129677,130315,80561,52622,26415,20907,2374,462098,158603,95309,249
89,JHARKHAND,Giridih,2445474,1258098,1187376,1253475,783736,469739,623946,412331,412912,623365,1409197,369913,362610,32544,271210,16909,125431,1944,19976,452564,46886,503261,443980,261309,146464,77540,55122,8449,1597269,533788,312967,1450
90,JHARKHAND,Deoghar,1492073,775022,717051,793538,489837,303701,383691,167776,297146,254321,940606,128656,209693,39361,173757,26760,130193,1944,13550,257373,64337,217460,266292,190171,96331,54419,43979,6699,944961,338413,205514,3185
91,JHARKHAND,Godda,1313551,677927,635624,604519,376212,228307,344019,208172,235735,316456,761360,144603,307767,18719,81102,7421,43230,874,11925,276454,15576,217607,190777,126766,79430,47395,30870,4002,820367,308639,183519,1026
92,ORISSA,Bargarh,1481255,749161,732094,983783,557217,426566,473305,288787,474390,287702,719163,216413,360650,48145,136884,16880,166909,2401,12343,411566,47395,205253,310784,247014,147217,58840,49238,8133,787033,410005,282422,1795
93,ORISSA,Jharsuguda,579505,296690,282815,405879,228092,177787,172018,75689,172069,75638,331798,40867,56809,15836,134195,18950,81433,2498,7555,103224,73962,69122,101541,103622,70928,32909,22010,7932,320156,159477,98555,1317
94,ORISSA,Sambalpur,1041099,526877,514222,703691,393192,310499,313161,192679,336854,168986,535259,86800,160798,59288,198954,33612,126498,5231,14521,220697,94798,133005,185289,171876,108455,50705,45828,13071,565700,286575,186726,2098
95,ORISSA,Debagarh,312520,158230,154290,197819,112649,85170,92384,73051,83408,82027,147085,42660,82490,8087,32198,2236,22453,825,3247,91408,7350,47615,58231,54088,27415,13420,9041,1729,176062,81789,53989,680
96,ORISSA,Sundargarh,2093437,1061147,1032290,1342322,750147,592175,584687,288540,535112,338115,1220210,184273,253327,26970,408657,77581,223537,12787,35024,387911,230151,208100,350349,335380,243386,120373,94710,36590,1188918,573238,324436,6845
97,ORISSA,Kendujhar,1801733,906487,895246,1052518,605119,447399,498077,268437,442497,324017,1035219,198044,310075,21314,237081,30240,121830,2622,13167,490634,83664,214518,287402,289350,158035,70059,57762,13918,1038890,472908,282751,7184
98,CHHATTISGARH,Koriya,658917,334737,324180,397823,229923,167900,185483,121588,173057,134014,351846,118498,94648,4830,89095,25605,80023,1667,7609,121852,59763,143413,109639,87969,47127,38677,26802,4134,399581,165022,94073,241
99,CHHATTISGARH,Surguja,2359886,1193129,1166757,1187941,694686,493255,649888,505919,622589,533218,1204079,465287,523356,12643,154521,29433,253131,2737,18983,525596,65167,364452,338509,281260,135374,105992,64607,9524,1441436,561915,355077,1458
100,CHHATTISGARH,Jashpur,851669,424747,426922,495415,280656,214759,263645,223715,291349,196011,364309,226866,197558,7553,55383,6628,76783,567,5755,205670,20722,120768,137681,127299,64188,50562,26161,3166,488965,214455,148100,149
101,CHHATTISGARH,Raigarh,1493984,750278,743706,951639,542756,408883,429211,260956,484875,205292,803817,208313,323788,9959,148107,27771,297308,3342,13857,354278,66638,246480,260661,210964,130700,93340,66358,8804,841958,398257,253488,281
102,CHHATTISGARH,Korba,1206640,612915,593725,748759,433391,315368,333329,187857,350314,170872,685454,113071,221806,7899,178410,43357,202380,4544,18004,206598,126055,178191,188303,168387,89167,83166,61215,11792,729708,309479,166959,494
103,MADHYA PRADESH,Ujjain,1986864,1016289,970575,1240990,730817,510173,569425,328017,682115,215327,1089422,289013,302003,19678,286748,123526,323379,7501,27733,300765,188684,286534,280030,178295,159263,119586,111290,13282,1156749,508302,320502,1311
104,MADHYA PRADESH,Shajapur,1512681,780520,732161,894612,543509,351103,431857,286014,508833,209038,794810,287924,303157,8809,117981,32204,232735,1382,10797,312611,73997,271215,239081,141225,111366,75967,48671,3391,901161,369741,240768,1011
105,MADHYA PRADESH,Dewas,1563715,805359,758356,925369,550716,374653,451501,291175,528526,214150,821039,260222,310606,11816,160032,59521,270457,3518,16523,274995,101014,242508,225380,149522,125772,94403,55383,4991,943954,388648,230280,833
106,MADHYA PRADESH,Dhar,2185793,1112725,1073068,1077338,638479,438859,597079,430895,783019,244955,1157819,385522,437437,15830,189185,75637,349639,2388,18626,412348,103364,262090,244058,164576,134279,99882,66721,6543,1377326,533243,273050,2174
107,MADHYA PRADESH,Indore,3276697,1699627,1577070,2309130,1289631,1019499,939055,329140,1137251,130944,2008502,150907,185528,43584,888176,417170,593576,48691,111478,200371,587947,428413,472233,384611,362209,300076,382658,36326,1877270,894464,493096,11867
108,GUJARAT,Kachchh,2092371,1096737,995634,1252319,739239,513080,624704,151524,686937,89291,1316143,105876,183971,10802,475579,140067,403294,9631,31961,488293,250982,246956,469402,141345,157284,61366,60386,14062,1278604,524052,286086,3629
109,GUJARAT,Banas Kantha,3120506,1610379,1510127,1704923,1048402,656521,836268,412332,1012080,236520,1871906,475585,350541,11812,410662,84832,396873,3424,23149,666773,137424,366867,859436,159433,226765,105372,66950,14451,1984701,738412,394793,2600
110,GUJARAT,Patan,1343734,694397,649337,837913,494631,343282,383074,171756,446240,108590,788904,136590,227080,6392,184768,66310,223424,2231,12870,301483,102655,168990,364667,78731,129584,57494,46355,11111,786357,341381,213465,2531
111,GUJARAT,Mahesana,2035064,1056520,978544,1502645,847499,655146,588699,223365,698768,113296,1223000,189760,242969,10282,369053,180985,385609,7759,33731,476005,183738,260278,467128,183468,266108,139208,130723,27391,1119451,554432,357578,3603
112,DAMAN AND DIU,Diu,52074,25642,26432,38058,20327,17731,12932,2818,14718,1032,36324,471,291,275,14713,6177,10575,368,1055,9788,9062,1872,7668,8545,9051,4367,1906,635,30475,13932,7599,68
113,DAMAN AND DIU,Daman,191173,124659,66514,150348,104316,46032,94502,11019,101717,3804,85652,1845,481,409,102786,25844,49249,1316,4543,10006,61073,8957,28094,30406,26991,14170,9128,1995,122589,52868,15428,288
114,DADRA AND NAGAR HAVELI,Dadra AND Nagar Haveli,343709,193760,149949,223230,142521,80709,119293,37868,130299,26862,186548,28164,17799,2195,109003,29101,69558,2013,6017,48221,60562,24701,69140,32004,37809,22700,19655,3566,225103,87888,30346,372
115,MAHARASHTRA,Nandurbar,1648295,833170,815125,906509,512099,394410,442898,349167,664193,127872,856230,211672,438176,14599,127618,54335,186202,2579,17047,333440,71572,166664,218718,121404,160961,113019,58461,9248,1011352,390419,241534,4990
116,MAHARASHTRA,Dhule,2050862,1054031,996831,1293916,723388,570528,570448,365922,825875,110495,1114492,239139,429536,20646,247049,126138,315332,6065,27139,382777,146013,200494,323641,208571,290656,182739,114931,14526,1167569,513908,350747,18638
117,MAHARASHTRA,Jalgaon,4229917,2197365,2032552,2891882,1629223,1262659,1186472,677099,1643955,219616,2366346,384359,937174,38930,503108,350029,720791,14297,56775,796223,373565,482462,735730,532587,627198,375643,229987,31008,2352671,1080237,763529,33480
118,MAHARASHTRA,Buldana,2586258,1337560,1248698,1879874,1048892,830982,734024,485617,1107542,112099,1366617,385447,603227,13770,217197,103898,423036,4767,24877,575405,152787,315408,457067,400342,406379,228266,113783,19619,1467457,641840,473071,3890
119,MAHARASHTRA,Akola,1813906,932334,881572,1411281,758977,652304,520362,247792,691025,77129,1045752,129680,388521,9660,240293,107463,314490,6163,24232,308158,196077,231841,328367,275264,291391,205723,112574,15157,998769,483200,327932,4005
120,ANDHRA PRADESH,Adilabad,2741239,1369597,1371642,1483347,856350,626997,748939,574728,1066460,257207,1417572,363737,484912,84661,390357,194954,566108,5512,45202,597466,220248,232470,344167,281752,225957,143143,100226,19277,1536378,704551,422522,77788
121,ANDHRA PRADESH,Nizamabad,2551335,1250641,1300694,1389810,790214,599596,684320,576756,1055965,205111,1290259,278102,448281,171311,363382,186740,545913,5261,35036,565165,155133,269487,421399,338668,396396,223365,141850,13382,1399773,676401,437573,37588
122,ANDHRA PRADESH,Karimnagar,3776269,1880800,1895469,2206829,1257238,949591,1049463,827305,1590304,286464,1899501,360390,756859,168340,591179,344667,926768,8831,46584,877236,288044,340372,453505,482842,463403,293493,256633,35312,1940234,1031735,728494,75806
123,ANDHRA PRADESH,Medak,3033288,1523030,1510258,1637137,953406,683731,837874,604329,1195494,246709,1591085,353221,571129,67642,450211,163074,604719,8635,47170,593653,195479,324267,503713,481984,373729,201928,127493,16466,1735769,779738,509368,8413
124,ANDHRA PRADESH,Hyderabad,3943323,2018575,1924748,2892155,1542688,1349467,1045585,367712,1096081,317216,2530026,28308,23029,46157,1315803,581509,869721,149034,274653,0,1066289,230962,596591,685215,811501,517425,558090,45937,2249130,1068243,542669,83281
125,KARNATAKA,Belgaum,4779661,2423063,2356598,3052032,1725548,1326484,1372422,733246,1734501,371167,2673993,711980,649517,60342,683829,240742,808827,17560,73497,962777,356198,544564,1057297,609600,532584,279583,201884,56621,2669348,1251116,857143,2054
126,KARNATAKA,Bagalkot,1889752,950111,939641,1113412,641388,472024,511575,306506,676407,141674,1071671,196199,303243,44797,273842,49345,301389,3745,26297,324799,165858,242336,385986,147397,171505,115095,82319,25791,1123443,465706,299774,829
127,KARNATAKA,Bijapur,2177331,1111022,1066309,1248268,730566,517702,580111,347611,760083,167639,1249609,262217,351600,25379,288526,58890,326594,4987,36571,396449,131041,246391,430477,143199,182756,129109,96990,24569,1295274,527085,353549,1423
128,KARNATAKA,Bidar,1703300,870665,832635,1042673,597198,445475,459050,243558,551763,150845,1000692,141302,280091,18095,263120,34924,271439,3971,36072,287134,102269,188998,474921,194233,181076,105347,54900,12885,1018195,397120,287271,714
129,KARNATAKA,Raichur,1928812,964511,964301,979769,577213,402556,530373,373040,725985,177428,1025399,245299,383526,19095,255493,51443,314547,5200,33903,330446,125402,147743,385673,163709,153346,82082,50463,14622,1196670,465173,265810,1159
130,KARNATAKA,Koppal,1389920,699926,689994,809085,468785,340300,387974,266792,508089,146677,735154,163413,273016,18794,199543,31673,223166,2135,15263,272968,64681,222140,357098,127605,113028,72243,43967,10431,855430,330393,202984,1113
131,GOA,North Goa,818008,416677,401331,663060,351738,311322,239125,88533,269437,58221,490350,15402,14120,8862,289274,132612,173951,23440,56266,115859,209230,40968,101521,148792,153887,87513,86781,16601,380926,260533,175035,1514
132,GOA,South Goa,640537,322463,318074,502427,264085,238342,180411,69179,206616,42974,390947,15952,12640,5846,215152,102191,138810,17624,44299,88620,162873,29874,73039,119869,108989,64786,57460,9579,314480,194872,130605,580
133,LAKSHADWEEP,Lakshadweep,64473,33123,31350,52553,28023,24530,15318,3435,10804,7949,45720,0,0,264,18489,1779,10669,327,1501,5289,15953,5641,13391,13836,13997,6642,3491,1059,33877,19244,11237,115
134,KERALA,Kasaragod,1307375,628613,678762,1037492,516476,521016,325095,137903,372700,90298,844377,23732,38774,24496,375996,74092,237670,10378,32484,251641,166164,115476,268084,230416,238900,122657,76192,16585,688763,369883,246975,1754
135,KERALA,Kannur,2523003,1181446,1341557,2138434,1012956,1125478,609377,214739,694209,129907,1698887,36549,82988,12875,691704,115356,511167,32653,83940,306288,566191,204713,487016,491844,540383,308670,217203,40277,1187177,741984,588081,5761
136,KERALA,Wayanad,817420,401684,415736,645585,328136,317449,228639,111438,263445,76632,477343,52759,101630,4574,181114,23028,149864,4712,15944,266183,11805,65326,144896,137227,184266,87042,51111,8786,412806,246590,157326,698
137,KERALA,Kozhikode,3086293,1470942,1615351,2615443,1266939,1348504,752333,196648,754187,194794,2137312,26543,64198,13312,844928,145558,641660,36791,107602,323793,666543,247996,564392,647221,630818,351267,250117,53166,1487644,909581,686109,2959
138,KERALA,Malappuram,4112920,1960328,2152592,3311315,1597404,1713911,898157,164267,852047,210377,3050496,57567,117405,18423,869029,139994,730119,27909,119918,634543,522586,415601,770417,814285,933793,392867,203779,41344,2406005,1041361,662311,3243
139,KERALA,Palakkad,2809934,1359478,1450456,2239492,1122600,1116892,746121,296219,875540,166800,1767594,67805,249949,25035,699551,178386,587583,27162,69440,665899,228442,249198,492864,608176,572412,232109,180540,36370,1395222,802611,608966,3135
140,TAMIL NADU,Thiruvallur,3728104,1876062,1852042,2791721,1495711,1296010,1103563,434491,1247918,290136,2190050,73444,270586,58240,1135784,621907,909400,75634,174279,387237,732196,181452,461918,600731,622789,303091,451321,66378,1925296,1154775,643614,4419
141,TAMIL NADU,Chennai,4646732,2335844,2310888,3776276,1968079,1808197,1369302,447995,1619554,197743,2829435,14454,13674,37345,1751824,910262,1096334,217368,355838,0,1314125,167207,516445,720331,801050,464207,905515,67277,2271657,1468902,899279,6894
142,TAMIL NADU,Kancheepuram,3998252,2012958,1985294,3013382,1611461,1401921,1181308,492506,1367378,306436,2324438,89343,272514,54732,1257225,622095,961161,100322,200738,438799,774705,183054,535947,608188,634172,312208,526886,67354,2076492,1200284,715895,5581
143,TAMIL NADU,Vellore,3936331,1961688,1974643,2773928,1504355,1269573,1123874,565456,1360185,329145,2247001,175108,391955,136415,985852,417535,865913,20623,69912,653499,486801,191963,721473,719731,641585,311434,308514,71127,2096113,1116437,720713,3068
144,TAMIL NADU,Tiruvannamalai,2464875,1235889,1228986,1626813,909803,717010,738995,499182,970072,268105,1226698,292641,525063,46720,373753,176242,549077,6445,27529,563102,147061,203879,442688,423135,343955,174560,158041,36454,1301347,683904,477668,1956
145,PONDICHERRY,Yanam,55626,27301,28325,39274,19919,19355,14047,2713,15373,1387,38866,291,3324,146,12999,10399,12859,207,597,0,15519,3804,10954,8806,8044,4101,3836,1315,31973,15235,8402,16
146,PONDICHERRY,PONDICHERRY,950289,468258,482031,726649,380946,345703,256652,91453,315570,32535,602184,9393,51908,6350,280454,170120,226316,15437,34007,87296,203741,61364,127754,150478,152482,81519,134067,17367,473705,299746,176204,634
147,PONDICHERRY,Mahe,41816,19143,22673,36470,16610,19860,9093,2709,10404,1398,30014,43,82,69,11608,3632,7150,574,1484,0,12110,2948,6043,7930,8773,5711,4475,978,19760,12543,9428,85
148,PONDICHERRY,Karaikal,200222,97809,102413,154916,79903,75013,53139,15162,58342,9959,131921,2372,13077,1327,51525,28366,47880,1868,4870,35618,33715,18943,32899,33458,29456,15930,18998,4877,102333,60089,37434,366
149,ANDAMAN AND NICOBAR ISLANDS,Nicobars,36842,20727,16115,25332,15397,9935,12714,4411,9651,7474,19717,322,242,2560,14001,3644,9301,57,230,15958,0,2406,5984,7699,6325,3668,1300,364,18786,12088,5922,46
150,ANDAMAN AND NICOBAR ISLANDS,North  AND Middle Andaman,105597,54861,50736,78683,43186,35497,30612,7967,31038,7541,67018,10727,1915,260,25677,5897,18641,388,1193,39091,1094,16126,21215,21293,12707,10042,5133,809,57350,30741,17464,42
151,ANDAMAN AND NICOBAR ISLANDS,South Andaman,238142,127283,110859,190266,105794,84472,77563,19268,85221,11610,141311,5518,2624,907,87782,31998,52479,2789,6771,34901,50631,16301,33267,42741,42150,29910,22388,3077,128402,76332,33128,280
